timestamp,open,high,low,close,volume
1607299200000,83.54,86.87,81.73,83.37,1145446.47407
1607385600000,83.37,84.83,75.41,76.76,1230953.86975
1607472000000,76.75,78.14,72.13,77.41,1378314.59353
1607558400000,77.41,77.66,72.51,74.7,900570.5582
1607644800000,74.77,75.09,69.87,72.2,1484095.85234
1607731200000,72.2,77.58,71.97,76.67,872394.12884
1607817600000,76.64,84.38,75.52,82.28,1278882.98328
1607904000000,82.27,82.98,79.11,82.35,1102081.73026
1607990400000,82.38,84.93,80.39,81.32,1348469.20889
1608076800000,81.36,93.44,78.31,92.94,2349124.19924
1608163200000,92.94,109.8,90.0,101.01,4161454.89253
1608249600000,100.99,112.88,99.24,109.34,3141671.53609
1608336000000,109.34,124.24,105.31,119.85,2753360.19971
1608422400000,119.85,123.21,109.76,114.58,2671305.32839
1608508800000,114.59,118.65,100.31,104.45,2599527.81365
1608595200000,104.48,114.63,98.35,114.32,3210319.32528
1608681600000,114.31,117.29,95.23,102.45,3923591.07434
1608768000000,102.46,112.32,98.55,111.13,2696980.51697
1608854400000,111.13,128.63,108.18,127.78,3117913.94898
1608940800000,127.74,135.19,124.94,129.61,3461075.6473
1609027200000,129.61,139.47,121.88,127.88,3743173.13001
1609113600000,127.83,137.41,126.37,129.83,2349842.95502
1609200000000,129.84,130.9,120.0,128.8,1732248.38409
1609286400000,128.8,133.11,122.63,130.05,1727676.641
1609372800000,130.06,130.35,121.98,124.21,1248723.03424
1609459200000,124.22,133.97,122.89,126.24,1539801.80815
1609545600000,126.2,142.0,123.15,136.96,2442266.765
1609632000000,136.94,164.7,135.3,161.24,3813834.07669
1609718400000,161.23,173.66,139.31,155.34,3530422.20392
1609804800000,155.33,162.8,146.52,158.43,1998205.92425
1609891200000,158.46,169.72,154.95,168.92,1857831.43166
1609977600000,168.96,181.22,161.18,169.35,2493533.9948
1610064000000,169.35,181.92,150.0,172.19,2843159.7034
1610150400000,172.28,178.8,163.3,177.26,1749781.84973
1610236800000,177.27,185.83,161.86,170.07,2269705.0446
1610323200000,170.06,170.74,112.7,138.87,5019816.79975
1610409600000,138.88,146.86,128.0,133.42,2825579.61257
1610496000000,133.44,148.46,125.9,147.38,2153426.27798
1610582400000,147.39,156.89,143.55,152.5,2033762.60027
1610668800000,152.46,155.74,130.0,143.65,2104225.5121
1610755200000,143.66,152.59,139.28,143.52,1784053.82975
1610841600000,143.52,147.0,136.22,142.8,1379082.3792
1610928000000,142.78,154.99,138.44,151.96,1644947.14813
1611014400000,151.97,166.02,150.18,151.86,2288798.47777
1611100800000,151.85,156.15,138.4,149.69,2037654.31965
1611187200000,149.67,150.25,125.64,129.72,2176119.47889
1611273600000,129.7,141.85,122.7,137.66,1979078.0056
1611360000000,137.65,143.52,135.05,137.67,969988.56158
1611446400000,137.66,142.65,133.73,141.01,917459.85058
1611532800000,141.01,147.87,136.62,137.07,1380902.3935
1611619200000,137.07,139.76,127.85,134.67,1093141.08136
1611705600000,134.69,134.96,118.13,122.44,1240323.68178
1611792000000,122.45,135.84,120.74,133.27,1074760.50528
1611878400000,133.25,145.5,131.44,134.65,2193040.3844
1611964800000,134.67,136.23,128.02,133.36,1215569.95596
1612051200000,133.35,135.06,125.67,129.36,917993.35191
1612137600000,129.37,136.63,125.95,132.0,1167609.37029
1612224000000,131.99,145.82,131.87,141.98,1884558.49538
1612310400000,141.96,156.7,141.92,155.93,1820822.28924
1612396800000,155.94,158.68,141.03,145.07,1766938.56965
1612483200000,145.05,156.93,143.45,155.05,1572009.29596
1612569600000,155.05,164.27,149.82,155.57,1879526.24312
1612656000000,155.57,157.29,145.23,150.76,1259975.92894
1612742400000,150.76,169.38,147.76,167.28,1894490.90608
1612828800000,167.28,184.49,164.22,181.49,1981149.12366
1612915200000,181.52,195.17,169.57,181.56,2781973.96254
1613001600000,181.59,193.59,175.72,183.62,1664189.0877
1613088000000,183.62,199.84,176.75,196.69,1946870.34253
1613174400000,196.71,229.07,191.45,225.76,2843517.28691
1613260800000,225.77,230.77,208.11,213.49,1765475.48101
1613347200000,213.47,219.99,185.31,207.83,2173405.17958
1613433600000,208.03,222.48,200.1,210.26,1660812.39786
1613520000000,210.23,237.75,203.37,237.49,1839179.97093
1613606400000,237.39,239.18,221.0,226.59,1580820.71
1613692800000,226.58,241.92,220.06,236.5,1402427.87852
1613779200000,236.45,247.04,214.02,226.65,1701950.27455
1613865600000,226.77,233.78,220.06,227.13,1268407.03046
1613952000000,227.17,227.39,180.0,208.32,2556958.2216
1614038400000,208.1,208.8,157.29,177.34,3669737.32689
1614124800000,177.35,189.46,169.08,181.43,1827554.60176
1614211200000,181.43,205.21,175.0,179.36,1961972.0422
1614297600000,179.36,182.86,162.74,170.25,2180233.25143
1614384000000,170.2,180.48,167.13,171.76,1113606.4401
1614470400000,171.75,173.42,152.88,165.22,1682228.22219
1614556800000,165.27,176.46,163.3,175.89,1216268.49518
1614643200000,175.9,185.32,170.69,179.08,1441741.00235
1614729600000,179.06,196.49,176.79,187.64,1873295.01116
1614816000000,187.7,194.4,176.83,180.67,1485337.09208
1614902400000,180.66,183.57,168.5,180.23,1182501.69882
1614988800000,180.21,184.67,174.68,182.85,935959.9679
1615075200000,182.86,192.24,182.25,190.75,820418.23901
1615161600000,190.75,195.28,179.58,191.85,1171979.04352
1615248000000,191.86,205.0,188.92,203.81,1279698.49896
1615334400000,203.8,208.0,191.47,200.29,1422079.58464
1615420800000,200.29,203.54,191.03,201.36,981380.1209
1615507200000,201.37,224.23,198.41,220.84,2081683.73697
1615593600000,220.8,230.23,212.7,226.06,1330663.68103
1615680000000,226.08,228.12,213.84,213.94,806542.74173
1615766400000,214.0,222.58,197.56,200.59,1413381.72445
1615852800000,200.59,205.53,191.15,201.6,1063051.80222
1615939200000,201.61,206.94,194.13,205.98,885644.66746
1616025600000,205.96,208.25,199.13,199.7,774419.42586
1616112000000,199.72,205.0,195.81,199.96,536877.41275
1616198400000,199.96,206.1,198.82,200.17,473637.43878
1616284800000,200.16,202.0,192.0,195.31,581731.80679
1616371200000,195.33,199.0,184.42,185.67,725506.72916
1616457600000,185.69,189.44,181.12,185.83,638849.27686
1616544000000,185.82,197.17,172.0,176.05,1189902.97985
1616630400000,176.05,179.03,167.86,171.53,956666.86464
1616716800000,171.53,183.82,171.44,183.45,721838.20194
1616803200000,183.44,186.12,177.75,184.06,475886.83873
1616889600000,184.06,187.29,180.0,184.24,380545.16211
1616976000000,184.22,197.6,182.45,193.73,904774.30423
1617062400000,193.73,200.09,190.34,195.74,932290.6498
1617148800000,195.71,198.99,187.0,196.7,698229.63786
1617235200000,196.69,205.0,194.0,202.86,876741.40869
1617321600000,202.87,213.77,200.78,211.46,942970.73038
1617408000000,211.44,217.97,194.85,195.23,956126.60492
1617494400000,195.17,204.92,192.22,202.21,565154.10714
1617580800000,202.24,225.47,198.07,221.48,1329743.7613
1617667200000,221.48,244.59,212.97,237.04,2444849.53403
1617753600000,236.96,242.99,210.77,219.05,2263475.4652
1617840000000,219.22,228.21,216.89,226.11,1074942.89645
1617926400000,226.17,228.99,218.72,221.12,688918.8215
1618012800000,221.13,257.0,219.16,256.34,1859281.88304
1618099200000,256.55,263.62,244.77,252.31,1890765.80129
1618185600000,252.35,259.94,240.01,244.42,1370860.1631
1618272000000,244.44,273.54,244.36,267.59,1931888.55344
1618358400000,267.61,283.0,255.0,278.86,1989435.79148
1618444800000,278.8,290.9,266.0,285.63,1409760.53776
1618531200000,285.64,317.09,265.5,308.43,3150447.99928
1618617600000,308.39,335.69,296.75,300.86,2574519.6355
1618704000000,300.87,304.83,231.1,273.36,3346589.56812
1618790400000,273.35,284.39,250.21,261.38,1973511.87573
1618876800000,261.47,272.8,234.31,260.68,2111225.32553
1618963200000,260.73,277.0,250.75,257.69,1841080.20554
1619049600000,257.63,289.61,239.0,252.5,2858792.51437
1619136000000,252.6,257.15,206.89,241.31,2866031.89172
1619222400000,241.31,241.41,220.34,224.75,1152968.01885
1619308800000,224.76,235.8,210.73,223.88,928460.2198
1619395200000,223.9,248.2,221.24,247.42,1236470.27391
1619481600000,247.4,263.15,243.63,259.77,1114182.69248
1619568000000,259.77,266.94,247.58,258.51,1014038.43734
1619654400000,258.5,262.89,248.16,255.31,877558.7853
1619740800000,255.31,273.58,252.61,271.13,1037748.69625
1619827200000,271.14,278.58,265.9,276.78,759685.23196
1619913600000,276.77,277.47,264.7,268.88,656429.21428
1620000000000,268.83,299.72,268.44,294.87,1427253.57143
1620086400000,294.73,327.68,270.0,305.23,3939316.56899
1620172800000,305.24,360.0,300.52,356.04,3748897.98686
1620259200000,356.03,364.93,318.0,354.67,2752093.00755
1620345600000,354.52,374.5,333.33,344.89,2822668.46597
1620432000000,344.89,356.68,334.0,347.1,1327716.1907
1620518400000,347.17,389.0,333.51,387.8,2292100.05852
1620604800000,387.77,413.49,333.68,358.89,3830553.73813
1620691200000,358.93,379.72,345.0,377.6,2031121.35038
1620777600000,377.8,394.37,301.0,310.4,2537826.91562
1620864000000,310.4,332.73,291.0,317.95,2979065.55728
1620950400000,317.95,338.85,307.96,326.23,1482325.51445
1621036800000,326.24,332.0,296.17,300.3,1486176.50537
1621123200000,300.22,323.95,279.66,295.89,1693568.12752
1621209600000,295.89,296.34,261.27,281.53,2079261.84526
1621296000000,281.38,317.97,278.32,293.98,2558765.69804
1621382400000,293.98,300.31,147.0,185.93,6731555.34383
1621468800000,186.31,225.0,166.45,210.74,4269465.92695
1621555200000,210.66,219.12,156.56,179.97,2998819.79591
1621641600000,179.97,184.44,161.61,169.32,1983438.52337
1621728000000,169.3,176.26,118.03,142.39,3854006.12408
1621814400000,142.52,185.37,139.54,185.32,2491240.93285
1621900800000,185.32,194.61,167.15,183.76,1974384.43463
1621987200000,183.89,204.13,179.42,198.91,1540975.47323
1622073600000,198.92,209.0,180.39,194.32,1457775.38448
1622160000000,194.31,198.88,165.5,177.33,2118247.13851
1622246400000,177.3,188.69,157.65,164.01,1554075.0432
1622332800000,164.04,181.1,155.11,170.51,1123365.50693
1622419200000,170.48,188.5,163.5,187.97,1242054.05369
1622505600000,188.01,193.16,175.82,182.99,1081241.44408
1622592000000,183.05,191.34,178.27,187.14,976844.03214
1622678400000,187.18,197.78,181.95,193.5,1079806.82442
1622764800000,193.52,193.81,168.95,178.44,1130262.18071
1622851200000,178.46,185.49,167.32,172.94,846082.98073
1622937600000,172.95,179.96,172.02,176.41,677386.36378
1623024000000,176.42,182.22,160.25,161.95,1035822.82509
1623110400000,161.92,164.48,144.89,160.63,1417289.87647
1623196800000,160.64,173.3,152.31,172.56,1139739.36054
1623283200000,172.54,174.61,162.12,168.16,878866.63371
1623369600000,168.18,173.78,160.55,162.83,928611.54446
1623456000000,162.84,164.3,154.14,161.8,653167.31003
1623542400000,161.81,171.59,156.42,170.85,573493.90783
1623628800000,170.85,179.99,166.34,179.89,802051.95645
1623715200000,179.88,181.2,172.15,175.15,654352.05304
1623801600000,175.16,177.31,164.23,166.57,761479.45263
1623888000000,166.56,173.4,162.81,167.08,559434.62367
1623974400000,167.13,167.43,151.2,156.34,800699.30384
1624060800000,156.33,160.88,152.31,152.49,523073.02283
1624147200000,152.51,156.18,143.75,154.88,611253.37603
1624233600000,154.87,155.5,123.91,124.46,1492819.3793
1624320000000,124.38,133.03,104.92,119.64,2255757.11457
1624406400000,119.69,133.75,115.49,129.1,1020444.64312
1624492800000,129.13,137.36,123.71,134.58,660335.54019
1624579200000,134.59,138.45,124.31,125.0,764515.33892
1624665600000,125.03,129.44,118.67,126.89,871924.09227
1624752000000,126.81,132.67,124.66,132.6,573388.24688
1624838400000,132.57,139.55,129.89,137.69,703645.47159
1624924800000,137.68,149.18,137.24,144.2,898148.69711
1625011200000,144.23,146.94,136.01,144.26,629619.41847
1625097600000,144.31,144.31,133.99,137.02,539535.2997
1625184000000,137.01,138.97,130.6,136.85,467041.14947
1625270400000,136.87,141.37,134.57,140.17,351451.49767
1625356800000,140.19,148.1,136.88,144.95,443949.92264
1625443200000,144.96,145.03,133.84,137.71,561680.84949
1625529600000,137.76,142.73,135.6,138.87,530800.52733
1625616000000,138.86,142.93,136.87,137.41,520913.20131
1625702400000,137.38,137.74,127.77,132.15,645442.57112
1625788800000,132.11,135.85,126.0,134.58,527547.82163
1625875200000,134.54,136.82,130.32,133.99,365844.86832
1625961600000,133.99,136.48,132.08,134.28,324968.57149
1626048000000,134.28,139.75,131.82,133.38,670917.62355
1626134400000,133.32,134.61,129.35,131.44,454856.67168
1626220800000,131.45,132.42,123.59,131.07,538916.43958
1626307200000,131.06,133.13,121.93,125.86,494375.7243
1626393600000,125.88,127.87,120.38,120.65,422183.01506
1626480000000,120.66,122.92,117.68,119.95,425298.69428
1626566400000,120.0,124.05,116.23,119.17,430985.21457
1626652800000,119.16,120.75,111.82,113.13,493082.96266
1626739200000,113.14,115.09,103.83,107.29,766236.24738
1626825600000,107.31,119.24,105.05,117.74,682039.47283
1626912000000,117.77,122.0,115.61,120.67,464759.47146
1626998400000,120.69,124.78,117.02,124.24,404160.06952
1627084800000,124.27,127.7,123.29,125.99,432891.78019
1627171200000,126.0,127.99,123.51,127.68,392963.87036
1627257600000,127.64,140.47,126.85,131.06,1052092.77379
1627344000000,131.06,135.12,127.27,134.74,607384.02252
1627430400000,134.73,142.0,132.39,140.42,729936.12774
1627516800000,140.48,143.0,136.55,141.44,542641.00192
1627603200000,141.44,145.88,135.86,145.51,605847.24082
1627689600000,145.51,146.6,141.83,144.37,388737.61543
1627776000000,144.35,149.78,138.04,140.31,584699.77102
1627862400000,140.31,145.93,138.76,141.35,419849.68249
1627948800000,141.32,143.24,135.6,138.49,402821.08451
1628035200000,138.49,144.5,135.54,142.57,486488.33119
1628121600000,142.57,145.19,136.12,143.53,615027.38819
1628208000000,143.51,150.9,141.73,147.95,685973.67511
1628294400000,147.93,156.39,147.06,155.92,878574.53896
1628380800000,155.92,157.63,147.0,149.69,700140.23658
1628467200000,149.69,170.78,145.15,166.31,1165618.32076
1628553600000,166.27,168.28,158.79,165.38,894686.73503
1628640000000,165.38,176.07,164.23,170.6,914647.0176
1628726400000,170.57,179.74,160.77,165.38,987267.21224
1628812800000,165.41,184.57,164.0,183.31,1122682.76822
1628899200000,183.32,185.11,174.62,182.76,944596.30069
1628985600000,182.78,186.55,175.18,184.6,948648.90733
1629072000000,184.59,189.03,176.35,177.93,898330.4154
1629158400000,177.96,184.38,168.01,168.61,781038.75082
1629244800000,168.6,174.54,162.92,166.65,694819.54486
1629331200000,166.64,175.82,162.66,175.59,682216.29479
1629417600000,175.57,184.11,174.11,183.59,708140.15383
1629504000000,183.59,184.48,176.52,179.63,644225.29965
1629590400000,179.57,189.6,178.38,185.91,935874.98336
1629676800000,185.85,191.94,183.61,187.01,877311.28336
1629763200000,186.98,188.64,172.25,173.42,780692.69421
1629849600000,173.39,179.0,169.06,177.75,617983.0803
1629936000000,177.76,180.18,164.9,167.7,568905.75324
1630022400000,167.7,176.35,165.0,176.2,456121.02531
1630108800000,176.2,177.1,171.3,175.6,316185.26963
1630195200000,175.7,182.6,173.1,174.3,547343.58554
1630281600000,174.4,176.5,166.5,167.3,468119.396
1630368000000,167.4,175.4,165.6,171.5,553621.007
1630454400000,171.6,182.8,168.5,180.9,692302.294
1630540800000,180.9,187.9,179.4,183.3,683639.85445
1630627200000,183.4,217.7,179.8,212.9,2071663.63126
1630713600000,212.9,225.2,208.4,211.9,1448417.53392
1630800000000,212.0,232.56,210.5,232.2,1007949.97992
1630886400000,232.2,232.3,214.8,219.4,1001710.493
1630972800000,219.4,221.9,162.1,178.5,2026882.59263
1631059200000,178.4,189.0,169.3,179.7,1419232.641
1631145600000,179.7,188.6,176.5,180.5,896655.718
1631232000000,180.5,187.4,170.7,174.1,721100.842
1631318400000,174.1,186.2,173.4,178.6,551963.071
1631404800000,178.6,186.2,175.1,183.0,564714.696
1631491200000,183.1,240.0,170.7,179.4,5437062.6741
1631577600000,179.4,189.0,176.1,183.1,1091279.997
1631664000000,183.0,192.1,179.6,189.0,745508.059
1631750400000,189.1,195.4,181.5,185.2,935286.231
1631836800000,185.2,190.5,177.5,180.0,566767.069
1631923200000,180.0,185.8,177.9,181.4,372409.224
1632009600000,181.3,181.7,172.5,175.6,364865.775
1632096000000,175.6,176.0,153.3,157.2,1300459.67767
1632182400000,157.2,162.3,144.7,148.5,988169.63393
1632268800000,148.6,161.8,145.3,161.4,822665.566
1632355200000,161.4,165.0,157.1,163.9,559513.522
1632441600000,163.9,166.6,141.6,152.1,1236046.28455
1632528000000,152.0,155.9,148.8,151.0,622457.078
1632614400000,150.9,153.4,141.9,150.7,837958.065
1632700800000,150.7,154.9,144.8,145.0,463173.188
1632787200000,145.0,149.0,140.0,140.6,551914.7719
1632873600000,140.5,150.4,139.7,144.7,505249.15568
1632960000000,144.8,154.5,143.9,153.3,505878.24
1633046400000,153.2,168.1,151.1,166.2,701432.917
1633132800000,166.1,172.8,164.4,168.9,427845.773
1633219200000,168.9,175.0,165.7,170.5,437060.787
1633305600000,170.5,170.9,161.3,167.5,586624.931
1633392000000,167.5,175.4,166.6,173.8,622714.612
1633478400000,173.7,183.0,163.8,178.5,967921.404
1633564800000,178.5,187.0,173.4,178.6,866672.447
1633651200000,178.6,183.4,174.4,175.9,697493.034
1633737600000,175.9,182.9,174.4,179.9,445979.888
1633824000000,179.9,184.0,174.0,174.8,559785.153
1633910400000,174.8,185.4,172.0,179.1,679614.987
1633996800000,179.2,179.2,166.3,172.6,708173.9
1634083200000,172.6,179.7,167.6,177.6,657952.562
1634169600000,177.7,186.7,176.9,181.3,746399.181
1634256000000,181.3,193.0,176.4,189.6,1143344.438
1634342400000,189.7,192.6,185.0,186.0,576811.605
1634428800000,186.0,188.1,176.4,183.7,475002.963
1634515200000,183.8,187.6,178.5,185.6,591931.083
1634601600000,185.5,191.6,183.1,188.8,598824.688
1634688000000,188.8,209.4,185.6,207.3,1121684.82
1634774400000,207.4,214.7,195.2,196.8,1129324.235
1634860800000,196.8,201.5,187.9,191.0,731846.105
1634947200000,191.0,198.0,188.7,196.3,413109.664
1635033600000,196.3,199.9,185.2,190.4,568204.06
1635120000000,190.4,197.4,189.6,195.5,435121.822
1635206400000,195.5,199.4,190.3,197.6,571152.655
1635292800000,197.5,205.0,171.1,179.3,1380721.926
1635379200000,179.2,194.5,177.6,189.8,722390.735
1635465600000,189.8,198.7,188.1,196.7,581094.6
1635552000000,196.7,197.3,186.6,190.2,415371.62
1635638400000,190.2,195.2,186.7,191.9,514684.875
1635724800000,191.9,201.2,187.8,197.6,656176.592
1635811200000,197.6,204.9,195.1,200.9,589454.742
1635897600000,200.9,209.3,197.4,207.3,839855.941
1635984000000,207.3,207.3,196.1,202.6,592543.494
1636070400000,202.6,203.3,196.7,198.9,454701.028
1636156800000,198.9,201.1,191.0,197.6,420636.051
1636243200000,197.6,202.1,196.9,202.0,351383.08
1636329600000,202.1,229.7,202.0,229.0,1380080.247
1636416000000,229.0,274.6,226.5,262.0,3256268.81184
1636502400000,262.0,295.7,251.6,260.4,3733558.8607
1636588800000,260.3,274.2,250.5,262.3,1666490.106
1636675200000,262.2,282.7,243.7,251.2,2414623.352
1636761600000,251.1,264.2,245.2,257.7,1167201.211
1636848000000,257.7,279.7,248.4,279.3,1358747.997
1636934400000,279.3,281.5,259.0,263.0,1155933.609
1637020800000,263.0,263.3,222.5,230.2,2396155.13
1637107200000,230.4,235.4,217.6,229.6,1422751.183
1637193600000,229.6,232.4,199.4,204.2,1689641.574
1637280000000,204.1,221.3,199.5,217.9,1040819.801
1637366400000,217.9,227.8,212.4,226.8,841347.754
1637452800000,226.8,230.8,219.6,221.1,698329.313
1637539200000,221.2,221.7,205.2,209.1,865031.634
1637625600000,209.1,218.8,205.1,216.2,709895.649
1637712000000,216.2,217.7,205.9,212.2,586526.86
1637798400000,212.2,229.8,210.7,222.9,892094.61
1637884800000,223.0,224.9,190.0,195.7,1536691.461
1637971200000,195.7,201.0,190.6,195.1,524367.982
1638057600000,195.0,199.9,182.0,199.5,723846.344
1638144000000,199.5,209.5,194.9,205.5,810923.688
1638230400000,205.5,219.9,197.4,207.8,1032919.457
1638316800000,207.8,217.8,205.1,208.8,674057.314
1638403200000,208.7,210.1,199.9,203.5,562121.73
1638489600000,203.5,208.1,179.3,188.0,825086.4
1638576000000,188.0,189.3,129.3,162.7,2758066.76925
1638662400000,162.7,165.0,148.0,156.3,1075867.598
1638748800000,156.3,164.5,141.3,161.3,1097434.113
1638835200000,161.3,165.8,158.2,161.8,672241.01
1638921600000,161.8,170.3,155.8,165.1,890527.252
1639008000000,165.2,167.1,151.1,151.3,648228.982
1639094400000,151.4,159.8,147.5,148.3,704610.428
1639180800000,148.4,159.5,145.7,158.0,558649.677
1639267200000,158.0,162.9,153.2,159.0,382460.669
1639353600000,158.9,159.9,142.7,144.6,628722.159
1639440000000,144.6,151.9,142.9,150.4,511641.769
1639526400000,150.3,155.0,141.7,153.6,611833.278
1639612800000,153.5,156.7,148.5,148.9,434853.361
1639699200000,148.9,150.3,141.2,144.1,472455.023
1639785600000,144.1,150.3,142.8,148.6,300448.219
1639872000000,148.6,161.1,147.6,153.2,738406.682
1639958400000,153.2,157.4,145.2,152.6,550918.769
1640044800000,152.7,156.4,149.1,154.7,375493.205
1640131200000,154.8,160.2,152.9,155.4,414964.85
1640217600000,155.4,165.2,153.0,163.6,521673.021
1640304000000,163.6,166.8,160.1,161.2,411411.856
1640390400000,161.2,163.6,157.3,157.8,456068.094
1640476800000,157.8,158.4,152.6,155.7,887961.059
1640563200000,155.8,161.3,154.4,155.9,464363.98
1640649600000,155.9,156.0,144.5,145.7,679901.014
1640736000000,145.6,151.0,143.9,145.5,444947.628
1640822400000,145.5,150.0,142.7,148.0,318121.046
1640908800000,147.9,152.7,143.7,146.3,344892.41
1640995200000,146.2,151.0,146.1,150.8,225155.54
1641081600000,150.8,153.4,147.8,151.2,228350.087
1641168000000,151.1,151.2,146.0,148.5,291038.873
1641254400000,148.4,151.7,145.2,146.5,331705.663
1641340800000,146.5,150.0,129.8,135.4,601964.057
1641427200000,135.3,138.1,132.4,135.9,531427.357
1641513600000,135.9,136.5,125.9,131.4,733975.31191
1641600000000,131.4,134.8,124.8,129.4,450291.35478
1641686400000,129.4,132.6,127.7,130.9,321828.343
1641772800000,130.8,131.5,120.7,126.5,621002.30603
1641859200000,126.6,133.5,125.7,131.6,396300.22
1641945600000,131.6,142.3,130.8,141.9,387745.567
1642032000000,142.0,142.4,134.6,136.7,462389.154
1642118400000,136.7,146.7,135.8,144.7,588107.752
1642204800000,144.7,150.7,144.0,147.7,461786.036
1642291200000,147.6,149.0,143.2,146.4,323952.665
1642377600000,146.4,153.9,144.1,151.2,809014.895
1642464000000,151.1,153.4,138.6,141.5,605404.359
1642550400000,141.4,143.0,133.2,136.2,437642.165
1642636800000,136.2,142.9,128.8,129.7,404805.365
1642723200000,129.6,131.1,109.8,114.5,1024703.15234
1642809600000,114.5,117.0,96.3,108.4,1345786.1907
1642896000000,108.4,112.8,105.6,112.3,588082.317
1642982400000,112.3,112.3,97.5,109.5,1098206.519
1643068800000,109.6,109.9,105.1,107.8,589373.563
1643155200000,107.9,116.5,104.6,106.9,774954.382
1643241600000,107.0,110.0,102.8,106.9,563991.766
1643328000000,106.8,110.0,105.2,109.4,463842.238
1643414400000,109.5,112.4,107.5,110.8,345775.899
1643500800000,110.9,112.2,107.0,108.6,276376.291
1643587200000,108.5,111.3,104.3,109.5,447814.467
1643673600000,109.4,116.9,108.2,115.0,597661.679
1643760000000,115.1,116.0,107.3,108.3,512026.267
1643846400000,108.3,111.1,105.4,111.0,380748.903
1643932800000,110.9,121.5,108.7,121.3,649501.138
1644019200000,121.3,123.8,118.8,121.7,442597.015
1644105600000,121.8,128.0,120.5,127.6,415141.018
1644192000000,127.5,139.9,125.0,137.4,694509.795
1644278400000,137.4,142.9,130.4,133.7,974024.21
1644364800000,133.6,141.0,132.0,140.1,615072.437
1644451200000,140.0,143.8,134.0,134.6,722895.221
1644537600000,134.5,134.8,124.8,125.6,536508.563
1644624000000,125.6,127.6,120.8,126.7,328295.304
1644710400000,126.7,128.9,123.5,125.6,261891.161
1644796800000,125.6,127.0,121.4,124.6,311463.001
1644883200000,124.6,132.6,123.9,131.5,372015.055
1644969600000,131.6,131.8,125.4,127.7,325088.116
1645056000000,127.8,129.0,114.8,116.3,535445.236
1645142400000,116.3,123.6,114.1,114.9,686552.347
1645228800000,114.9,117.2,113.0,115.5,361933.434
1645315200000,115.5,115.8,108.4,110.6,468241.931
1645401600000,110.6,114.5,102.0,102.8,631230.777
1645488000000,102.7,107.9,100.2,107.4,537388.743
1645574400000,107.4,111.5,104.9,105.4,432495.97
1645660800000,105.3,111.0,90.0,104.1,1288797.47718
1645747200000,104.2,110.7,101.5,109.2,604602.878
1645833600000,109.2,115.0,106.6,108.2,456598.44
1645920000000,108.1,110.2,101.1,102.9,417924.626
1646006400000,102.9,113.9,101.2,113.7,574622.74
1646092800000,113.7,116.0,109.4,112.5,601477.274
1646179200000,112.5,114.7,109.1,110.3,513465.217
1646265600000,110.3,113.0,107.9,111.7,638112.361
1646352000000,111.7,112.7,99.0,101.0,635993.785
1646438400000,101.0,105.4,99.4,104.9,298763.798
1646524800000,104.9,106.0,100.6,101.1,312844.282
1646611200000,101.1,103.9,96.2,98.4,518690.842
1646697600000,98.3,102.6,97.8,100.7,489539.231
1646784000000,100.8,109.3,100.4,106.9,548748.759
1646870400000,106.9,107.1,99.5,102.5,544448.846
1646956800000,102.6,107.0,99.6,104.6,462322.473
1647043200000,104.6,108.0,104.5,105.6,273690.902
1647129600000,105.5,107.4,101.0,101.7,267778.849
1647216000000,101.7,106.4,100.8,105.6,461259.961
1647302400000,105.5,108.6,102.4,106.8,455884.752
1647388800000,106.9,112.2,105.6,111.4,627565.504
1647475200000,111.3,111.7,108.5,110.2,315598.565
1647561600000,110.2,113.0,107.7,111.9,362061.811
1647648000000,111.8,117.3,111.4,116.8,455077.798
1647734400000,116.8,118.5,111.3,114.9,456736.029
1647820800000,114.9,116.8,113.1,116.0,414783.622
1647907200000,116.1,123.7,115.6,122.7,613158.765
1647993600000,122.7,124.5,118.5,122.4,404116.575
1648080000000,122.5,127.7,120.0,126.5,494673.517
1648166400000,126.4,127.3,121.5,123.9,388911.114
1648252800000,124.0,125.6,121.9,124.8,222339.521
1648339200000,124.8,129.8,123.2,129.7,360946.115
1648425600000,129.7,132.6,126.7,127.6,485087.181
1648512000000,127.6,132.0,127.0,130.1,402240.888
1648598400000,130.0,134.1,125.8,131.1,469285.075
1648684800000,131.1,132.9,121.1,123.8,925439.976
1648771200000,123.9,126.4,119.1,124.8,459214.201
1648857600000,124.8,128.3,123.5,124.8,446188.67
1648944000000,124.9,129.5,123.6,128.7,304078.019
1649030400000,128.8,128.9,121.2,124.8,459946.591
1649116800000,124.8,127.3,122.5,122.7,266800.707
1649203200000,122.8,123.2,111.4,111.7,609814.446
1649289600000,111.6,115.0,110.1,114.1,302722.598
1649376000000,114.0,115.3,109.6,110.7,361955.502
1649462400000,110.7,113.0,110.0,112.7,192659.628
1649548800000,112.7,114.5,110.0,110.3,201089.865
1649635200000,110.3,110.7,101.8,102.4,440456.851
1649721600000,102.5,105.8,101.7,104.8,298962.751
1649808000000,104.9,110.8,103.9,110.5,389766.945
1649894400000,110.6,112.4,105.9,107.3,323593.487
1649980800000,107.3,112.9,107.0,111.0,303062.025
1650067200000,111.0,114.9,110.1,114.3,256441.818
1650153600000,114.3,115.1,108.2,108.8,275657.857
1650240000000,108.8,111.5,105.2,111.3,433957.577
1650326400000,111.3,114.2,110.6,113.8,267982.503
1650412800000,113.8,114.2,110.7,111.9,317572.869
1650499200000,111.9,114.5,105.4,106.8,374445.22
1650585600000,106.8,108.7,104.7,105.4,307003.595
1650672000000,105.4,107.2,104.4,105.1,151820.201
1650758400000,105.2,105.9,103.5,104.6,188484.103
1650844800000,104.6,104.9,98.3,104.6,464513.108
1650931200000,104.6,105.4,96.3,98.6,370089.57
1651017600000,98.6,102.0,97.7,100.5,295862.61
1651104000000,100.6,105.8,99.7,103.3,543891.391
1651190400000,103.3,104.5,98.4,100.4,394065.385
1651276800000,100.3,101.6,93.5,95.8,343937.913
1651363200000,95.9,100.0,94.4,99.3,295463.925
1651449600000,99.3,101.9,98.3,100.7,330388.68
1651536000000,100.7,101.4,97.4,99.4,307980.668
1651622400000,99.3,107.1,99.0,106.3,475753.421
1651708800000,106.3,106.9,94.8,96.8,586614.195
1651795200000,96.8,98.4,92.9,96.7,494007.711
1651881600000,96.7,97.4,92.6,94.3,298037.215
1651968000000,94.3,95.8,91.5,93.9,441180.21
1652054400000,93.8,94.9,75.2,76.2,1075917.38183
1652140800000,76.2,85.0,73.3,80.2,1335840.74274
1652227200000,80.1,82.8,64.2,66.6,2156656.19047
1652313600000,66.7,69.9,54.4,64.5,2076325.53921
1652400000000,64.4,73.2,63.2,67.9,1132719.666
1652486400000,67.8,70.3,64.2,68.9,556982.007
1652572800000,68.8,71.8,65.9,71.6,508046.555
1652659200000,71.5,71.6,64.9,67.3,577142.751
1652745600000,67.2,73.9,67.1,73.2,639716.3
1652832000000,73.1,74.4,65.7,66.0,701726.501
1652918400000,65.9,72.7,64.6,72.1,690029.823
1653004800000,72.1,73.5,66.7,68.6,755303.038
1653091200000,68.6,70.7,67.9,69.8,274675.04
1653177600000,69.8,72.6,69.4,71.7,290794.185
1653264000000,71.6,74.0,68.3,69.1,613835.768
1653350400000,69.0,70.8,67.0,70.2,492877.962
1653436800000,70.3,71.7,67.9,68.2,414049.811
1653523200000,68.2,68.9,60.4,63.5,730443.128
1653609600000,63.4,64.1,60.9,61.6,739704.085
1653696000000,61.6,64.0,61.3,63.0,336506.622
1653782400000,63.1,64.4,61.8,63.6,315852.358
1653868800000,63.7,69.8,63.2,69.1,612046.039
1653955200000,69.1,69.8,66.7,68.4,445048.542
1654041600000,68.4,70.6,61.7,62.7,634020.203
1654128000000,62.7,64.8,62.1,64.5,371742.76
1654214400000,64.4,64.9,61.4,62.6,281679.966
1654300800000,62.6,64.4,61.3,63.7,187841.045
1654387200000,63.8,63.9,61.7,63.2,194186.313
1654473600000,63.2,66.7,62.9,64.5,374528.282
1654560000000,64.5,65.5,60.1,63.8,493587.564
1654646400000,63.9,64.5,61.1,61.3,460948.577
1654732800000,61.4,62.4,59.2,60.3,295546.594
1654819200000,60.2,60.4,55.6,56.7,505271.348
1654905600000,56.6,57.8,51.6,52.2,588679.33839
1654992000000,52.2,52.6,47.3,47.9,751665.40626
1655078400000,47.9,48.3,41.0,43.5,1585014.73295
1655164800000,43.5,46.5,40.3,46.15,1538135.285
1655251200000,46.16,50.98,41.66,50.65,2010453.14
1655337600000,50.66,51.22,44.02,44.78,1636635.976
1655424000000,44.8,48.43,44.41,47.6,1207287.632
1655510400000,47.6,48.4,41.46,47.18,1913775.171
1655596800000,47.17,56.45,44.91,54.29,2451326.02
1655683200000,54.3,54.77,51.31,52.77,1979924.021
1655769600000,52.76,55.71,51.86,53.52,1381554.785
1655856000000,53.53,53.55,50.41,52.13,927893.846
1655942400000,52.15,56.77,51.9,55.74,994973.172
1656028800000,55.72,57.34,54.4,55.84,730614.764
1656115200000,55.85,59.76,54.59,58.88,618227.012
1656201600000,58.89,60.5,56.6,56.61,518719.077
1656288000000,56.6,58.62,54.82,55.86,397024.694
1656374400000,55.89,57.0,52.57,52.68,428561.798
1656460800000,52.71,54.45,51.36,53.68,451898.813
1656547200000,53.68,54.0,50.15,53.84,505134.988
1656633600000,53.84,56.28,50.04,51.19,606167.187
1656720000000,51.21,51.65,49.77,50.55,395349.861
1656806400000,50.55,52.22,49.11,50.95,319754.383
1656892800000,50.94,52.43,49.7,52.26,428499.128
1656979200000,52.24,52.48,47.95,49.7,567147.955
1657065600000,49.7,51.2,48.96,50.34,369984.007
1657152000000,50.36,52.64,49.77,52.15,478416.357
1657238400000,52.17,53.99,50.75,51.35,539059.048
1657324800000,51.35,54.8,51.33,54.09,369622.829
1657411200000,54.09,55.07,50.65,52.12,793607.197
1657497600000,52.12,52.25,48.26,48.71,458088.601
1657584000000,48.7,49.37,47.28,47.33,466284.497
1657670400000,47.32,49.73,46.41,49.56,601519.056
1657756800000,49.54,51.75,47.96,51.32,522186.191
1657843200000,51.32,52.78,50.61,51.78,544118.253
1657929600000,51.76,55.56,51.07,55.08,437141.035
1658016000000,55.07,57.02,54.33,55.76,488379.926
1658102400000,55.76,59.56,55.23,58.6,704809.589
1658188800000,58.59,59.63,55.83,57.9,648764.405
1658275200000,57.9,61.73,56.4,57.2,823588.205
1658361600000,57.2,58.65,55.15,58.02,495146.27
1658448000000,58.03,59.18,55.5,56.09,504430.421
1658534400000,56.09,57.24,54.5,56.32,359887.479
1658620800000,56.32,59.78,56.32,58.39,353168.581
1658707200000,58.39,59.02,53.89,54.0,480171.674
1658793600000,54.0,54.15,51.96,53.88,420584.372
1658880000000,53.89,59.07,53.01,59.01,536658.831
1658966400000,59.0,64.29,58.02,63.41,793684.143
1659052800000,63.4,64.58,59.76,60.65,598391.17
1659139200000,60.65,64.07,59.91,60.42,571176.572
1659225600000,60.43,63.02,59.61,59.74,362956.297
1659312000000,59.74,60.75,58.25,59.44,413407.163
1659398400000,59.46,59.85,56.63,58.05,499501.827
1659484800000,58.06,60.13,56.7,57.77,497789.611
1659571200000,57.76,60.8,57.6,59.65,438458.424
1659657600000,59.64,62.57,59.61,62.47,487945.255
1659744000000,62.47,62.58,60.5,60.83,221909.184
1659830400000,60.82,62.0,59.86,61.1,242432.341
1659916800000,61.11,64.09,60.8,62.61,403958.239
1660003200000,62.59,62.86,58.2,59.16,467966.92
1660089600000,59.15,62.35,57.42,61.59,683606.931
1660176000000,61.58,63.48,61.48,61.84,451609.23
1660262400000,61.84,63.08,60.66,62.88,361467.843
1660348800000,62.88,65.66,62.63,63.8,502527.314
1660435200000,63.81,65.84,62.37,63.14,453041.878
1660521600000,63.13,65.32,59.64,60.67,521249.361
1660608000000,60.66,61.77,59.99,61.33,367330.078
1660694400000,61.32,64.74,59.67,60.52,718429.134
1660780800000,60.52,61.73,59.33,60.02,422084.3
1660867200000,60.03,60.19,53.26,53.99,807381.053
1660953600000,54.01,55.62,52.64,54.1,651478.682
1661040000000,54.11,56.0,53.8,55.67,377261.077
1661126400000,55.66,57.45,52.26,57.22,877776.632
1661212800000,57.23,57.75,53.88,57.08,562176.705
1661299200000,57.1,57.69,55.56,56.46,437641.062
1661385600000,56.47,57.53,55.82,56.63,379154.499
1661472000000,56.62,58.31,52.08,52.68,663761.061
1661558400000,52.69,53.48,51.63,53.01,342396.436
1661644800000,53.01,56.0,52.47,53.41,571920.844
1661731200000,53.42,56.7,52.52,55.8,635767.414
1661817600000,55.78,56.25,51.81,53.01,505556.585
1661904000000,53.01,55.26,53.01,53.84,441087.366
1661990400000,53.83,57.82,53.19,57.58,746451.633
1662076800000,57.59,62.5,56.49,60.99,970963.365
1662163200000,60.99,62.23,59.53,60.15,604642.95
1662249600000,60.15,60.99,58.61,60.9,416674.079
1662336000000,60.9,61.63,59.25,60.39,550152.845
1662422400000,60.39,62.74,54.0,54.11,893919.423
1662508800000,54.09,58.29,52.86,57.31,791215.198
1662595200000,57.31,58.6,56.06,57.96,526585.078
1662681600000,57.97,61.94,57.7,61.13,640028.177
1662768000000,61.14,64.69,60.54,63.28,643910.358
1662854400000,63.28,64.47,61.33,62.16,491835.138
1662940800000,62.16,63.23,60.08,61.38,492838.604
1663027200000,61.39,67.48,58.33,59.1,1440002.977
1663113600000,59.09,61.18,58.13,60.18,753407.479
1663200000000,60.16,60.83,55.83,56.34,696696.515
1663286400000,56.35,56.97,54.61,55.95,469333.524
1663372800000,55.93,58.44,55.81,57.83,314150.499
1663459200000,57.84,57.85,52.22,52.63,524264.696
1663545600000,52.64,53.74,50.01,52.91,1189979.555
1663632000000,52.89,53.85,50.86,52.3,740261.769
1663718400000,52.32,55.52,50.23,51.09,948476.557
1663804800000,51.09,54.09,50.62,53.57,615045.097
1663891200000,53.58,55.34,51.4,55.22,628774.838
1663977600000,55.23,55.96,53.18,53.43,477670.635
1664064000000,53.43,54.41,52.22,52.53,388583.254
1664150400000,52.53,53.73,51.87,53.44,462703.227
1664236800000,53.44,55.66,51.8,52.65,594149.312
1664323200000,52.65,53.83,51.0,53.29,486979.887
1664409600000,53.29,54.16,52.24,53.96,415487.402
1664496000000,53.97,55.1,52.86,53.48,417555.874
1664582400000,53.49,53.83,52.44,52.92,227981.29
1664668800000,52.91,53.46,51.67,51.82,245935.517
1664755200000,51.82,54.34,51.5,54.17,377561.929
1664841600000,54.16,55.73,53.88,55.28,379502.091
1664928000000,55.28,55.3,53.3,54.63,340455.979
1665014400000,54.62,55.05,53.34,53.53,389720.238
1665100800000,53.53,53.85,52.27,52.83,353877.822
1665187200000,52.84,53.55,52.38,52.79,244809.681
1665273600000,52.79,53.99,52.69,53.9,197759.856
1665360000000,53.89,54.46,52.5,52.63,393032.725
1665446400000,52.64,52.64,51.27,52.03,325528.77
1665532800000,52.02,52.98,51.6,52.23,355312.415
1665619200000,52.22,52.5,48.32,51.1,598879.562
1665705600000,51.09,52.57,50.9,51.31,320840.529
1665792000000,51.3,51.67,50.26,50.39,230281.317
1665878400000,50.39,51.81,50.26,51.43,231209.546
1665964800000,51.43,52.16,51.05,51.82,219445.145
1666051200000,51.85,52.2,50.75,51.86,267297.77
1666137600000,51.86,52.02,50.76,50.94,232758.435
1666224000000,50.94,52.1,50.56,51.22,271491.392
1666310400000,51.22,51.81,49.54,51.63,305760.951
1666396800000,51.64,52.48,51.37,52.18,187151.435
1666483200000,52.18,54.05,51.82,54.03,251178.625
1666569600000,54.04,54.2,52.11,52.54,349594.941
1666656000000,52.54,56.8,52.28,55.92,560410.004
1666742400000,55.92,57.62,55.66,56.39,516629.568
1666828800000,56.38,56.69,54.5,54.75,429463.431
1666915200000,54.75,55.56,53.5,54.92,434316.144
1667001600000,54.92,57.61,54.64,56.6,551803.761
1667088000000,56.59,57.5,54.72,55.35,375670.757
1667174400000,55.36,56.42,54.0,55.01,474531.793
1667260800000,55.02,55.93,54.5,55.1,350582.944
1667347200000,55.1,62.94,54.7,60.95,2104437.286
1667433600000,60.95,64.74,60.1,61.84,1374836.407
1667520000000,61.84,70.47,61.66,67.58,1439948.154
1667606400000,67.59,71.92,67.11,69.23,1110640.601
1667692800000,69.26,71.08,67.53,68.26,805404.064
1667779200000,68.26,73.36,66.21,67.42,1392881.038
1667865600000,67.42,68.88,54.04,57.82,2190119.395
1667952000000,57.79,59.79,47.6,50.68,2103687.619
1668038400000,50.69,61.33,49.57,60.56,2070234.582
1668124800000,60.56,64.42,58.51,61.49,1920110.08
1668211200000,61.47,61.75,58.14,59.94,768579.231
1668297600000,59.96,60.35,56.23,57.37,585950.814
1668384000000,57.37,59.31,53.24,56.7,1455419.171
1668470400000,56.7,59.54,56.48,58.01,785891.462
1668556800000,58.0,60.19,56.72,57.49,708710.343
1668643200000,57.49,63.34,57.01,62.59,1125276.943
1668729600000,62.59,64.0,61.58,62.62,820500.727
1668816000000,62.63,64.61,61.33,63.98,585835.654
1668902400000,63.98,64.86,60.37,62.12,738121.307
1668988800000,62.12,63.91,59.25,61.31,1219683.801
1669075200000,61.34,71.32,61.07,70.66,2212093.045
1669161600000,70.65,83.66,69.61,79.02,3062621.766
1669248000000,79.01,79.52,75.11,78.66,1698054.062
1669334400000,78.68,79.9,73.13,74.1,1546973.408
1669420800000,74.1,79.65,73.89,76.47,1274051.02
1669507200000,76.48,79.32,74.15,74.92,994997.591
1669593600000,74.92,75.34,70.53,73.97,1474228.831
1669680000000,73.96,77.98,73.4,75.8,1214848.559
1669766400000,75.81,80.88,75.42,79.16,1108600.292
1669852800000,79.15,80.66,76.27,77.57,968244.356
1669939200000,77.57,78.09,75.34,77.94,582041.35
1670025600000,77.93,78.13,75.44,76.47,432581.631
1670112000000,76.44,77.51,75.79,77.07,390998.288
1670198400000,77.07,85.0,76.82,80.19,1698312.839
1670284800000,80.19,81.77,77.67,79.88,802781.092
1670371200000,79.9,80.4,75.5,76.89,864677.814
1670457600000,76.9,78.75,74.5,78.27,911785.771
1670544000000,78.26,78.85,75.84,76.31,621921.168
1670630400000,76.31,77.46,75.64,76.36,301184.283
1670716800000,76.36,78.42,76.28,76.5,348230.246
1670803200000,76.51,76.71,73.49,76.23,656093.652
1670889600000,76.22,79.84,73.96,77.39,1018153.938
1670976000000,77.4,79.11,74.2,75.3,911912.129
1671062400000,75.29,75.47,71.7,72.42,598856.974
1671148800000,72.43,73.56,65.0,66.25,1160661.942
1671235200000,66.24,67.7,62.51,64.89,1344619.107
1671321600000,64.89,65.96,63.03,64.37,639108.584
1671408000000,64.39,65.02,61.04,63.37,866072.922
1671494400000,63.36,66.35,63.08,65.55,850764.015
1671580800000,65.56,66.84,64.61,65.4,573283.433
1671667200000,65.4,66.7,64.24,66.21,505782.811
1671753600000,66.21,66.72,64.91,65.75,387146.613
1671840000000,65.75,66.05,65.06,65.76,218820.376
1671926400000,65.77,69.72,65.3,69.15,563485.616
1672012800000,69.15,71.83,68.58,70.78,724746.003
1672099200000,70.77,71.14,67.77,68.67,688534.199
1672185600000,68.68,69.48,65.69,66.32,693169.686
1672272000000,66.32,67.3,65.57,66.66,498307.656
1672358400000,66.66,68.72,66.04,67.94,476504.755
1672444800000,67.94,71.12,67.62,70.14,563994.497
1672531200000,70.14,71.55,68.91,70.91,497824.424
1672617600000,70.92,77.96,70.0,74.74,1056995.281
1672704000000,74.75,76.52,73.62,75.57,725798.101
1672790400000,75.57,77.99,74.32,75.46,773197.793
1672876800000,75.46,76.27,73.53,74.25,562086.168
1672963200000,74.25,76.58,72.42,75.91,797819.975
1673049600000,75.91,76.87,75.47,76.4,388687.641
1673136000000,76.4,78.98,75.08,78.68,626879.182
1673222400000,78.67,83.61,78.09,81.62,1179300.917
1673308800000,81.61,82.85,79.43,80.83,847925.336
1673395200000,80.82,85.0,79.88,84.08,968676.069
1673481600000,84.08,87.7,81.0,86.09,1427276.097
1673568000000,86.09,87.99,83.59,86.23,891288.557
1673654400000,86.24,91.23,85.92,87.84,1747194.881
1673740800000,87.84,88.68,85.21,87.37,586627.267
1673827200000,87.37,89.16,83.91,85.91,750074.107
1673913600000,85.94,89.39,84.52,87.02,740669.448
1674000000000,87.04,88.4,82.11,82.62,935842.004
1674086400000,82.62,84.57,81.67,84.21,484324.341
1674172800000,84.21,91.42,83.0,90.28,757424.447
1674259200000,90.28,92.1,87.57,87.91,720620.997
1674345600000,87.91,90.05,86.07,87.58,501770.041
1674432000000,87.58,93.2,87.51,89.9,691207.974
1674518400000,89.91,91.45,86.0,87.19,499687.344
1674604800000,87.19,91.93,85.53,89.38,529309.147
1674691200000,89.38,89.96,86.82,87.52,475990.334
1674777600000,87.51,89.23,85.81,88.89,418850.126
1674864000000,88.89,89.96,86.96,89.67,392046.681
1674950400000,89.66,97.77,89.65,94.84,1268331.01
1675036800000,94.86,96.06,88.3,91.37,987138.227
1675123200000,91.36,96.28,91.31,94.09,1045907.002
1675209600000,94.09,102.53,93.73,100.33,1324424.131
1675296000000,100.32,102.34,97.92,98.64,730534.055
1675382400000,98.64,100.76,97.48,99.86,568938.087
1675468800000,99.86,101.36,98.23,98.51,357081.561
1675555200000,98.51,98.89,94.86,96.63,417682.275
1675641600000,96.65,97.96,94.81,95.93,371415.943
1675728000000,95.92,101.58,95.89,100.86,672704.474
1675814400000,100.85,102.41,96.86,99.22,559839.764
1675900800000,99.2,99.49,89.78,92.05,930317.558
1675987200000,92.06,94.17,90.99,93.34,641293.685
1676073600000,93.32,94.83,92.63,94.28,359543.176
1676160000000,94.29,94.57,90.88,92.51,306598.202
1676246400000,92.5,95.0,88.16,91.05,740201.598
1676332800000,91.05,95.96,90.32,95.82,622092.631
1676419200000,95.82,103.28,95.04,102.82,764436.261
1676505600000,102.83,105.71,98.48,98.55,687509.194
1676592000000,98.56,101.7,98.19,100.12,569585.278
1676678400000,100.12,101.94,98.93,99.71,434788.196
1676764800000,99.71,101.5,96.72,97.43,433963.156
1676851200000,97.43,98.72,94.39,95.9,935281.523
1676937600000,95.9,96.81,91.42,93.8,739676.014
1677024000000,93.81,95.56,91.57,95.28,693131.993
1677110400000,95.26,96.28,93.31,94.59,474230.846
1677196800000,94.6,95.28,90.0,91.55,501375.88
1677283200000,91.56,93.51,90.34,93.15,426347.651
1677369600000,93.14,95.54,92.77,95.27,343656.079
1677456000000,95.26,96.09,92.4,94.07,390505.03
1677542400000,94.07,96.02,93.02,93.8,380334.634
1677628800000,93.79,98.37,93.56,97.78,578624.04
1677715200000,97.77,98.33,93.89,95.39,531837.148
1677801600000,95.39,95.52,85.3,90.56,932908.772
1677888000000,90.56,90.85,87.4,89.34,347999.151
1677974400000,89.34,91.78,89.18,89.93,358378.991
1678060800000,89.93,90.63,86.4,87.36,628899.913
1678147200000,87.35,88.95,84.0,86.29,642884.79
1678233600000,86.3,86.71,81.3,82.76,625642.83
1678320000000,82.75,84.96,75.0,76.68,1098081.742
1678406400000,76.69,76.85,67.97,71.37,1958666.309
1678492800000,71.39,73.83,65.0,69.21,1897147.773
1678579200000,69.21,76.42,67.39,76.26,1393380.049
1678665600000,76.25,83.19,74.0,81.46,1843523.521
1678752000000,81.45,88.24,79.17,83.94,1368971.071
1678838400000,83.92,85.44,75.0,76.43,1324587.202
1678924800000,76.43,79.87,75.58,78.86,792504.712
1679011200000,78.85,85.57,78.16,85.51,935169.321
1679097600000,85.51,87.92,81.88,83.02,990444.094
1679184000000,83.01,86.39,82.11,83.98,612655.582
1679270400000,83.99,84.3,77.72,78.05,943193.308
1679356800000,78.04,83.48,76.71,82.48,906639.731
1679443200000,82.48,88.31,79.0,87.27,1760098.981
1679529600000,87.25,94.54,85.58,93.61,1868065.227
1679616000000,93.61,95.98,89.07,93.58,1325987.089
1679702400000,93.58,94.31,90.01,91.5,684739.493
1679788800000,91.49,94.81,90.54,93.32,588285.448
1679875200000,93.32,94.1,87.66,89.23,764069.755
1679961600000,89.24,89.59,85.56,89.13,881860.674
1680048000000,89.13,93.0,88.93,91.31,708985.063
1680134400000,91.31,93.34,86.66,89.06,751300.11
1680220800000,89.06,90.27,87.23,89.57,489786.451
1680307200000,89.56,94.32,89.34,92.57,687331.248
1680393600000,92.57,94.58,90.36,92.77,641228.631
1680480000000,92.77,95.9,89.51,92.97,909253.989
1680566400000,92.97,94.12,91.57,92.58,505371.32
1680652800000,92.57,95.05,91.11,92.64,690226.2
1680739200000,92.63,92.65,89.82,90.97,385392.357
1680825600000,90.97,91.48,89.03,90.6,301548.406
1680912000000,90.6,91.44,89.24,89.91,199093.068
1680998400000,89.91,91.03,89.13,90.58,253822.749
1681084800000,90.56,94.47,89.84,93.78,522079.986
1681171200000,93.78,97.0,93.15,94.22,759225.859
1681257600000,94.22,94.66,90.87,92.06,713535.198
1681344000000,92.07,94.54,91.66,94.17,607464.042
1681430400000,94.18,99.27,93.66,96.33,1044641.036
1681516800000,96.31,97.32,94.71,96.68,343222.287
1681603200000,96.69,102.18,95.1,100.01,902441.243
1681689600000,100.0,100.3,97.32,98.84,692952.157
1681776000000,98.88,103.44,97.6,101.95,817576.045
1681862400000,101.93,101.93,87.0,90.47,1258566.956
1681948800000,90.46,92.4,87.08,90.22,923591.763
1682035200000,90.22,90.89,84.2,85.32,811762.122
1682121600000,85.32,87.15,84.75,87.0,413059.798
1682208000000,87.0,87.09,84.11,86.75,395182.074
1682294400000,86.74,89.03,85.86,88.31,651422.316
1682380800000,88.32,91.77,87.18,91.03,767570.935
1682467200000,91.03,93.96,84.21,88.13,985517.498
1682553600000,88.14,90.64,87.26,89.73,669510.161
1682640000000,89.73,90.36,87.66,89.63,464509.676
1682726400000,89.62,91.64,89.23,91.08,351205.815
1682812800000,91.08,91.43,87.76,88.22,396494.58
1682899200000,88.24,88.86,85.13,86.75,537906.62
1682985600000,86.76,89.18,86.0,88.2,425254.867
1683072000000,88.2,89.86,85.4,88.88,561552.261
1683158400000,88.88,89.15,87.39,88.38,317092.93
1683244800000,88.39,89.69,86.16,88.61,462767.029
1683331200000,88.62,89.36,80.56,83.26,808799.894
1683417600000,83.27,84.69,82.93,83.42,405461.481
1683504000000,83.41,85.25,75.2,77.71,1093958.201
1683590400000,77.72,80.1,77.31,79.9,652411.76
1683676800000,79.91,82.04,77.12,80.93,862746.998
1683763200000,80.93,81.97,78.37,80.88,787875.496
1683849600000,80.89,81.48,77.07,80.45,770849.129
1683936000000,80.45,81.09,79.78,80.26,378311.771
1684022400000,80.26,84.02,79.55,83.5,475081.378
1684108800000,83.49,88.5,82.14,86.89,1110552.095
1684195200000,86.91,90.55,86.13,89.99,1212427.879
1684281600000,89.99,95.0,89.59,93.88,1631954.238
1684368000000,93.88,94.21,89.15,90.43,778910.547
1684454400000,90.44,93.31,90.26,91.8,674615.432
1684540800000,91.78,92.78,90.21,92.42,331961.718
1684627200000,92.41,93.49,91.14,92.18,434485.442
1684713600000,92.17,92.79,89.81,90.83,462506.227
1684800000000,90.83,93.11,90.38,91.7,437608.283
1684886400000,91.7,91.89,84.33,85.82,1241381.96
1684972800000,85.83,86.79,82.54,86.57,836219.141
1685059200000,86.57,88.2,86.05,87.08,684744.479
1685145600000,87.08,88.81,86.91,88.55,335522.417
1685232000000,88.56,92.35,88.14,91.45,582851.729
1685318400000,91.46,92.18,90.12,90.86,484868.109
1685404800000,90.86,93.3,90.51,92.25,553236.455
1685491200000,92.25,92.72,87.5,90.42,730322.072
1685577600000,90.42,95.98,89.17,94.19,1356811.01
1685664000000,94.17,95.7,92.58,95.45,714015.964
1685750400000,95.45,97.56,94.15,96.03,596590.884
1685836800000,96.03,96.5,93.8,94.19,492464.068
1685923200000,94.19,94.58,83.56,87.71,1320394.36
1686009600000,87.7,91.47,85.64,90.92,836859.771
1686096000000,90.93,91.31,87.34,88.85,691677.146
1686182400000,88.83,89.53,87.19,88.5,405790.611
1686268800000,88.49,89.98,86.66,89.3,437545.529
1686355200000,89.3,89.34,73.56,77.13,1931078.315
1686441600000,77.14,78.98,76.15,77.68,601244.43
1686528000000,77.68,77.91,75.07,77.5,624473.429
1686614400000,77.5,79.79,76.26,77.5,560306.834
1686700800000,77.5,78.14,70.75,73.15,678793.191
1686787200000,73.15,75.14,72.08,74.6,512970.921
1686873600000,74.61,76.91,74.12,76.13,419230.737
1686960000000,76.13,77.87,75.73,76.86,301798.536
1687046400000,76.87,78.47,76.22,77.19,294006.387
1687132800000,77.2,77.83,76.05,77.48,316595.527
1687219200000,77.48,80.95,75.68,80.33,550346.966
1687305600000,80.34,87.4,80.0,85.05,1229357.89
1687392000000,85.04,88.85,84.0,85.93,796900.675
1687478400000,85.94,93.12,85.02,91.26,1034513.877
1687564800000,91.28,93.8,86.35,89.71,834154.053
1687651200000,89.72,90.46,86.6,88.2,566508.551
1687737600000,88.2,90.35,85.74,87.21,656513.038
1687824000000,87.22,89.44,86.9,88.07,470344.953
1687910400000,88.06,88.1,81.36,83.02,639774.735
1687996800000,83.01,85.75,82.91,84.73,484623.807
1688083200000,84.73,112.0,84.28,108.7,5474715.293
1688169600000,108.7,113.0,102.86,107.1,2614144.4
1688256000000,107.1,114.0,105.09,113.58,2299237.775
1688342400000,113.57,115.0,105.55,107.27,1444586.945
1688428800000,107.27,109.59,103.5,104.27,935566.37
1688515200000,104.27,106.63,98.6,102.6,1410427.816
1688601600000,102.6,105.95,95.14,95.25,1703635.889
1688688000000,95.25,98.61,94.21,98.23,866824.098
1688774400000,98.22,98.49,96.55,97.79,431026.029
1688860800000,97.78,98.41,94.41,95.08,468670.42
1688947200000,95.08,97.81,91.62,96.72,1108435.576
1689033600000,96.73,98.35,95.51,96.77,775748.275
1689120000000,96.76,97.85,94.12,96.21,681194.17
1689206400000,96.21,104.41,95.61,101.85,1780959.223
1689292800000,101.85,103.63,91.96,95.13,1470606.515
1689379200000,95.12,95.79,93.74,94.78,474351.647
1689465600000,94.77,95.36,91.84,92.89,493219.168
1689552000000,92.89,93.58,89.15,92.2,825195.015
1689638400000,92.19,92.95,89.37,91.56,547028.221
1689724800000,91.55,94.23,91.39,91.99,610568.712
1689811200000,92.0,95.02,91.39,92.37,763855.203
1689897600000,92.37,94.79,91.68,94.09,562398.104
1689984000000,94.1,96.46,91.2,92.09,523224.177
1690070400000,92.09,93.62,91.52,93.16,459296.754
1690156800000,93.15,93.43,87.27,89.14,744271.418
1690243200000,89.14,90.19,88.55,89.45,437773.574
1690329600000,89.45,91.17,88.5,90.64,523849.498
1690416000000,90.63,91.99,89.66,90.6,492615.117
1690502400000,90.59,92.0,90.53,91.44,400613.116
1690588800000,91.44,94.9,90.84,94.32,483778.285
1690675200000,94.33,96.18,90.82,94.03,1123107.136
1690761600000,94.03,95.06,91.07,92.28,751748.352
1690848000000,92.28,94.12,88.1,93.94,1191154.381
1690934400000,93.95,94.68,85.7,87.54,1519927.122
1691020800000,87.53,88.38,80.5,82.55,1131674.185
1691107200000,82.55,83.92,80.74,82.2,956964.968
1691193600000,82.2,83.42,81.35,83.12,353881.791
1691280000000,83.11,83.49,81.68,82.57,376251.971
1691366400000,82.57,83.44,79.29,82.49,531623.828
1691452800000,82.48,85.47,81.75,83.86,735916.528
1691539200000,83.85,84.61,83.13,84.08,381592.396
1691625600000,84.08,84.39,82.66,83.14,337566.353
1691712000000,83.13,83.72,82.68,83.58,186712.308
1691798400000,83.58,84.0,83.27,83.47,178561.007
1691884800000,83.48,83.81,81.01,81.92,331226.641
1691971200000,81.92,83.13,81.5,82.11,330529.723
1692057600000,82.11,82.25,77.0,79.26,600119.042
1692144000000,79.27,79.61,72.75,74.56,1050727.642
1692230400000,74.57,75.84,56.0,64.77,1709946.722
1692316800000,64.77,65.97,63.04,63.98,1283276.079
1692403200000,63.98,65.01,63.51,64.18,511070.915
1692489600000,64.17,65.89,63.98,65.25,328241.945
1692576000000,65.25,67.31,64.34,67.0,795770.097
1692662400000,67.0,67.38,62.02,64.83,726834.414
1692748800000,64.83,66.86,64.06,65.64,548642.362
1692835200000,65.63,65.9,63.9,64.88,352946.421
1692921600000,64.88,65.47,63.5,65.13,400427.672
1693008000000,65.13,65.59,64.9,65.01,205559.917
1693094400000,65.0,65.95,64.83,65.39,232033.928
1693180800000,65.39,65.76,63.97,65.52,401983.007
1693267200000,65.51,70.69,64.6,68.86,953145.162
1693353600000,68.85,69.03,66.5,67.65,422458.336
1693440000000,67.65,68.36,63.13,63.89,688058.059
1693526400000,63.88,64.25,61.83,62.98,569049.852
1693612800000,62.98,64.75,62.95,64.34,84890.775
1693612800000,62.98,64.75,62.95,64.23,87259.618
1693612800000,62.98000000,64.75000000,62.95000000,64.10000000,90771.89600000
